,2022-04-30 Trending,2022-04-30 Top,2022-04-23 Trending,2022-04-23 Top,2022-04-16 Trending,2022-04-16 Top,2022-04-09 Trending,2022-04-09 Top,2022-04-02 Trending,2022-04-02 Top,2022-03-26 Trending,2022-03-26 Top,2022-03-19 Trending,2022-03-19 Top,2022-03-12 Trending,2022-03-12 Top,2022-03-05 Trending,2022-03-05 Top,2022-02-26 Trending,2022-02-26 Top,2022-02-19 Trending,2022-02-19 Top,2022-02-12 Trending,2022-02-12 Top,2022-02-05 Trending,2022-02-05 Top,2022-01-29 Trending,2022-01-29 Top,2022-01-22 Trending,2022-01-22 Top,2022-01-15 Trending,2022-01-15 Top,2022-01-08 Trending,2022-01-08 Top
0,آخرین اخبار سهام عدالت,آخرین اخبار ایران,ایران خودرو,آخرین اخبار ایران,آخرین اخبار حج تمتع 1401,آخرین اخبار ایران,اخبار چند لحظه پیش تامین اجتماعی,آخرین اخبار ایران,بیت پین,آخرین اخبار ایران,آخرین اخبار بارسلونا,آخرین اخبار ایران,آخرین اخبار عیدی مددجویان کمیته امداد,آخرین اخبار ایران,آخرین اخبار مستمری بگیران تامین اجتماعی,آخرین اخبار ایران,زهره فکور صبور,آخرین اخبار اوکراین,آخرین اخبار از حمله روسیه به اوکراین,آخرین اخبار روسیه,آخرین اخبار از واریز سود سهام عدالت 1400,آخرین اخبار ایران,آخرین اخبار باشگاه استقلال,آخرین اخبار ایران,آخرین اخبار سربازی,آخرین اخبار ایران,آخرین اخبار تراکتور,آخرین اخبار ایران,آخرین اخبار تعطیلی مدارس تبریز,آخرین اخبار ایران,آخرین اخبار سردار آزمون,آخرین اخبار ایران,آخرین اخبار سن بازنشستگی تامین اجتماعی,آخرین اخبار ایران
1,آخرین اخبار مذاکرات وین,آخرین اخبار تامین اجتماعی,آخرین اخبار آموزش و پرورش,آخرین خبر,آخرین اخبار باشگاه استقلال,آخرین اخبار تامین اجتماعی,آخرین اخبار وام مسکن روستایی,آخرین خبر,مذاکرات وین به کجا رسید,آخرین اخبار اوکراین,آخرین اخبار ارز دیجیتال,آخرین اخبار اوکراین,شهر خبر,آخرین خبر,آخرین اخبار استقلال تهران,آخرین اخبار اوکراین,آخرین اخبار جنگ روسیه و اکران,آخرین اخبار جنگ,باشگاه خبرنگاران جوان,آخرین اخبار اوکراین,فال حافظ,آخرین اخبار پرسپولیس,آخرین اخبار ورزشی ایران و جهان,آخرین اخبار پرسپولیس,آخرین اخبار کرونا در ایران,آخرین اخبار پرسپولیس,آخرین اخبار از مذاکرات وین,آخرین اخبار پرسپولیس,ایران جیب,آخرین اخبار پرسپولیس,حرفه ای که آخرین اخبار را ارائه میدهد,آخرین خبر,آخرین اخبار وین,آخرین خبر
2,ورزش3,آخرین خبر,آخرین اخبار تیم ملی فوتبال ایران,آخرین اخبار تامین اجتماعی,آخرین اخبار از رتبه بندی معلمان,آخرین خبر,خبر فوری,آخرین اخبار جهان,ایران اینترنشنال,آخرین خبر,آخرین اخبار جنگ اوکراین,آخرین خبر,نتایج زنده,آخرین اخبار سهام عدالت,آخرین اخبار از رتبه بندی معلمان,آخرین اخبار سهام عدالت,آخرین اخبار جنگ اوکراین,آخرین اخبار جنگ روسیه,آخرین اخبار حمله روسیه به اوکراین,آخرین اخبار ایران,آخرین اخبار روسیه,آخرین خبر,آخرین اخبار اوکراین,پرسپولیس,آخرین اخبار سیاسی,پرسپولیس,حرفه ای که آخرین اخبار را ارائه میدهد,پرسپولیس,آخرین اخبار از واریز سود سهام عدالت,آخرین خبر,پخش زنده آخرین اخبار,آخرین اخبار پرسپولیس,آخرین اخبار پرسپولیس در نقل و انتقالات,آخرین اخبار پرسپولیس
3,آخرین اخبار جنگ روسیه و اوکراین امروز,آخرین اخبار اوکراین,نتایج زنده,آخرین اخبار اوکراین,آخرین اخبار فرهنگیان,آخرین اخبار جهان,آخرین اخبار مستمری بگیران تامین اجتماعی,آخرین اخبار اوکراین,آخرین اخبار اوکراین قطره,آخرین اخبار ایران و جهان,آخرین اخبار ایران وجهان,آخرین اخبار استقلال,آخرین اخبار آموزش و پرورش,آخرین اخبار پرسپولیس,سود سهام عدالت کی واریز میشود,آخرین خبر,آخرین اخبار جنگ روسیه و اوکراین,آخرین اخبار ایران,آخرین اخبار جنگ روسیه و اکراین,آخرین خبر,آخرین اخبار از واریز سود سهام عدالت,آخرین اخبار رتبه بندی,سود سهام عدالت کی واریز میشود,اخبار پرسپولیس,ورزش سه,آخرین اخبار رتبه بندی,آخرین اخبار رتبه بندی معلمان ۱۴۰۰,آخرین خبر,آخرین اخبار استخدامی آموزش و پرورش,آخرین اخبار استقلال,ایران جیب,آخرین اخبار استقلال,NA,آخرین اخبار استقلال
4,آخرین اخبار پرسپولیس,آخرین اخبار پرسپولیس,بارسا نیوز,آخرین اخبار ایران و جهان,اخبار فرهنگیان,آخرین اخبار بازنشستگان تامین اجتماعی,آخرین اخبار کرونا در ایران,آخرین اخبار پرسپولیس,آخرین اخبار واردات خودرو,آخرین اخبار استقلال,آخرین اخبار جنگ روسیه و اوکراین,آخرین اخبار جنگ روسیه,اخبار روز,آخرین اخبار اوکراین,خبرگزاری فارس,سود سهام عدالت,ورزش سه,آخرین اخبار روسیه و اوکراین,آخرین اخبار جنگ روسیه,آخرین اخبار جنگ روسیه,اخبار ورزشی جدیدترین و آخرین اخبار ورزشی صفحه 4,آخرین اخبار سهام عدالت,جدیدترین و آخرین اخبار ورزشی,آخرین خبر,آخرین اخبار کرونا,آخرین خبر,آخرین اخبار اقتصادی,آخرین اخبار رتبه بندی,ورزش3,آخرین اخبار فرهنگیان,آخرین اخبار باشگاه پرسپولیس,آخرین اخبار ایران و جهان,NA,آخرین اخبار ایران و جهان
5,NA,آخرین اخبار بازنشستگان تامین اجتماعی,آخرین اخبار رتبه بندی فرهنگیان,آخرین اخبار رتبه بندی,آخرین اخبار رتبه بندی معلمان,آخرین اخبار اوکراین,ورزش3,آخرین اخبار ایران و جهان,آخرین اخبار جنگ روسیه و اوکراین امروز,آخرین اخبار پرسپولیس,آخرین اخبار جنگ روسیه,آخرین اخبار بازنشستگان تامین اجتماعی,NA,آخرین اخبار استقلال,خبر فوری برجام,واریز سود سهام عدالت,آخرین اخبار جنگ روسیه,آخرین اخبار جنگ اوکراین,آخرین اخبار جنگ اوکراین,آخرین اخبار پرسپولیس,واریز سهام عدالت از امشب,سهام عدالت,آخرین اخبار پرسپولیس در نقل و انتقالات,آخرین اخبار رتبه بندی,آخرین اخبار افغانستان,آخرین اخبار فرهنگیان,آخرین اخبار رتبه بندی معلمان,آخرین اخبار استقلال,NA,آخرین اخبار ایران و جهان,آخرین اخبار برجام,اخبار خودرو,NA,آخرین اخبار رتبه بندی
6,NA,آخرین اخبار ایران و جهان,شهر خبر,آخرین اخبار فرهنگیان,قیمت طلا,آخرین اخبار پرسپولیس,آخرین اخبار سهام عدالت,آخرین اخبار بازنشستگان تامین اجتماعی,آخرین اخبار تیم ملی فوتبال ایران,آخرین اخبار جنگ روسیه و اوکراین,آخرین اخبار اوکراین,آخرین اخبار جنگ اوکراین,NA,آخرین اخبار رتبه بندی,آخرین اخبار حقوق کارگران,آخرین اخبار واریز سود سهام عدالت,نتایج زنده,آخرین خبر,آخرین اخبار جنگ روسیه و اوکراین,آخرین اخبار روسیه و اوکراین,آخرین اخبار روسیه و اوکراین,آخرین اخبار استقلال,آخرین اخبار مذاکرات وین,آخرین اخبار استقلال,آخرین اخبار نقل و انتقالات اروپا,آخرین اخبار تامین اجتماعی,آخرین اخبار از رتبه بندی معلمان,آخرین اخبار ایران و جهان,NA,آخرین اخبار ورزشی,ورزش3,اخبار روز,NA,آخرین اخبار ورزشی
7,NA,آخرین اخبار رتبه بندی,آخرین اخبار باشگاه پرسپولیس,آخرین اخبار پرسپولیس,آخرین اخبار افغانستان,آخرین اخبار ایران و جهان,آخرین اخبار کرونا,آخرین اخبار کرونا,آخرین اخبار کرونا در ایران,آخرین اخبار مذاکرات وین,NA,آخرین اخبار ایران و جهان,NA,آخرین اخبار ورزشی,آخرین اخبار جنگ روسیه و اوکراین امروز,آخرین اخبار جنگ روسیه,آخرین اخبار جنگ,آخرین اخبار جنگ روسیه و اوکراین,آخرین اخبار اکراین,آخرین اخبار سهام عدالت,آخرین اخبار اوکراین,آخرین اخبار ورزشی,آخرین اخبار رتبه بندی معلمان ۱۴۰۰,استقلال,آخرین اخبار پرسپولیس در نقل و انتقالات,آخرین اخبار استقلال,آخرین اخبار بورس,آخرین اخبار ورزشی,NA,آخرین اخبار خودرو,آخرین اخبار بورس,آخرین اخبار ورزشی,NA,اخبار روز
8,NA,آخرین اخبار استقلال,آخرین اخبار بارسلونا,آخرین اخبار استقلال,آخرین اخبار اقتصادی,آخرین اخبار فرهنگیان,آخرین اخبار ورزشی,اخرین اخبار,آخرین اخبار سیاسی,آخرین اخبار ورزشی,NA,آخرین اخبار پرسپولیس,NA,آخرین اخبار ایران و جهان,آخرین اخبار استقلال,آخرین اخبار پرسپولیس,آخرین اخبار از باشگاه پرسپولیس,آخرین اخبار پرسپولیس,آخرین اخبار روسیه,آخرین اخبار رتبه بندی,آخرین اخبار سهام عدالت,آخرین اخبار بازنشستگان تامین اجتماعی,اخبار چند لحظه پیش تامین اجتماعی,آخرین اخبار فرهنگیان,خبر فوری,استقلال,آخرین اخبار پرسپولیس در نقل و انتقالات,آخرین اخبار فرهنگیان,NA,آخرین اخبار آموزش و پرورش,خبر فوری,آخرین اخبار فرهنگیان,NA,آخرین اخبار روز
9,NA,آخرین اخبار فرهنگیان,آخرین اخبار رتبه بندی,آخرین اخبار ورزشی,اخبار روز,اخبار فرهنگیان,آخرین اخبار آموزش و پرورش,آخرین اخبار استقلال,آخرین اخبار ارز دیجیتال,آخرین اخبار فرهنگیان,NA,آخرین اخبار جنگ روسیه و اوکراین,NA,آخرین اخبار بازنشستگان تامین اجتماعی,اخبار استقلال,آخرین اخبار از واریز سود سهام عدالت,دیجی کالا,آخرین اخبار رتبه بندی,آخرین اخبار روسیه و اوکراین,آخرین اخبار فرهنگیان,سهام عدالت,آخرین اخبار فرهنگیان,تابناک,اخرین اخبار,پخش زنده آخرین اخبار,آخرین اخبار کرونا,آخرین اخبار استخدامی آموزش و پرورش در سال ۱۴۰۰,اخبار فرهنگیان,NA,اخبار روز,آخرین اخبار بازنشستگان تامین اجتماعی,اخرین اخبار,NA,آخرین اخبار فرهنگیان
10,NA,آخرین اخبار ورزشی,NA,آخرین اخبار بازنشستگان تامین اجتماعی,آخرین اخبار تامین اجتماعی,آخرین اخبار حقوق بازنشستگان تامین اجتماعی,اخرین اخبار,آخرین اخبار ورزشی,آخرین اخبار مذاکرات وین,اخرین اخبار,NA,آخرین اخبار ایران وجهان,NA,اخبار روز,آخرین اخبار باشگاه استقلال,آخرین اخبار روسیه و اوکراین,ورزش 3,آخرین اخبار جهان,آخرین اخبار اوکراین,آخرین اخبار جنگ اوکراین,آخرین اخبار اقتصادی ایران,آخرین اخبار رتبه بندی معلمان,ورزش3,آخرین اخبار ورزشی,آخرین اخبار تامین اجتماعی,آخرین اخبار ورزشی,آخرین اخبار رتبه بندی,آخرین اخبار رتبه بندی معلمان,NA,آخرین اخبار مذاکرات,آخرین اخبار رتبه بندی فرهنگیان,آخرین اخبار مذاکرات,NA,آخرین اخبار وین
11,NA,شهر خبر,NA,اخرین اخبار,NA,آخرین اخبار استقلال,آخرین اخبار بازنشستگان تامین اجتماعی,آخرین اخبار رتبه بندی,آخرین اخبار فوتبال جهان,آخرین اخبار اقتصادی,NA,آخرین اخبار ورزشی,NA,آخرین اخبار از واریز سود سهام عدالت,آخرین اخبار از واریز سود سهام عدالت بانک ملی,آخرین اخبار رتبه بندی,آخرین اخبار روسیه و اوکراین,آخرین اخبار سهام عدالت,آخرین اخبار از مذاکرات وین,آخرین اخبار استقلال,آخرین اخبار اقتصادی,اخرین اخبار,آخرین اخبار از واریز سود سهام عدالت,اخبار ورزشی,آخرین اخبار بازنشستگان تامین اجتماعی,آخرین اخبار رتبه بندی معلمان,آخرین اخبار فوتبال ایران,آخرین اخبار تامین اجتماعی,NA,آخرین اخبار برجام,varzesh3,آخرین اخبار آموزش و پرورش,NA,آخرین اخبار رتبه بندی معلمان
12,NA,قیمت طلا,NA,آخرین اخبار جنگ روسیه و اوکراین,NA,اخبار روز,ورزش سه,آخرین اخبار مذاکرات وین,آخرین اخبار اقتصادی,آخرین اخبار ایران وجهان,NA,آخرین اخبار فرهنگیان,NA,آخرین اخبار رتبه بندی معلمان,واریز سود سهام عدالت,آخرین اخبار استقلال,آخرین اخبار از اوکراین,آخرین اخبار فرهنگیان,بی بی سی,آخرین اخبار ورزشی,تابناک,آخرین اخبار از واریز سود سهام عدالت,آخرین اخبار استقلال تهران,آخرین اخبار رتبه بندی معلمان,آخرین اخبار سهام عدالت,آخرین اخبار آموزش و پرورش,آخرین اخبار مذاکرات وین,آخرین اخبار آموزش و پرورش,NA,اخرین اخبار,NA,آخرین اخبار برجام,NA,آخرین اخبار آموزش و پرورش
13,NA,ورزش۳,NA,آخرین اخبار آموزش و پرورش,NA,آخرین اخبار ورزشی,آخرین اخبار افغانستان,اخبار روز,ورزش۳,آخرین اخبار رتبه بندی معلمان,NA,آخرین اخبار رتبه بندی معلمان,NA,شهر خبر,آخرین اخبار واریز سود سهام عدالت,اخبار استقلال,آخرین اخبار سیاسی,آخرین اخبار ایران و جهان,آخرین اخبار از واریز سود سهام عدالت 1400,آخرین اخبار از واریز سود سهام عدالت,آخرین اخبار عیدی بازنشستگان تامین اجتماعی,آخرین اخبار ایران و جهان,آخرین اخبار نقل و انتقالات پرسپولیس,آخرین اخبار ایران و جهان,اخرین اخبار,اخرین اخبار,آخرین اخبار باشگاه پرسپولیس,اخبار روز,NA,آخرین اخبار بازنشستگان تامین اجتماعی,NA,آخرین اخبار رتبه بندی معلمان,NA,آخرین اخبار ایران وجهان
14,NA,آخرین اخبار رتبه بندی معلمان,NA,شهر خبر,NA,آخرین اخبار جنگ روسیه و اوکراین,NA,آخرین اخبار جنگ روسیه و اوکراین,NA,آخرین اخبار سیاسی,NA,آخرین اخبار بارسلونا,NA,آخرین اخبار جنگ روسیه,آخرین اخبار سهام عدالت,آخرین اخبار جنگ روسیه و اوکراین,آخرین اخبار برجام,آخرین اخبار ورزشی,مذاکرات برجام,آخرین اخبار رتبه بندی معلمان,NA,آخرین اخبار آموزش و پرورش,قیمت دلار,آخرین اخبار نقل و انتقالات پرسپولیس,آخرین اخبار رتبه بندی معلمان,آخرین اخبار بازنشستگان تامین اجتماعی,آخرین اخبار ایران وجهان,آخرین اخبار بازنشستگان تامین اجتماعی,NA,قیمت طلا,NA,آخرین اخبار رتبه بندی فرهنگیان,NA,شهر خبر
15,NA,آخرین اخبار آموزش و پرورش,NA,آخرین اخبار رتبه بندی معلمان,NA,آخرین اخبار رتبه بندی معلمان,NA,آخرین اخبار کرونا در ایران,NA,نتایج زنده,NA,نتایج زنده,NA,آخرین اخبار برجام,سود سهام عدالت,آخرین اخبار رتبه بندی معلمان,آخرین اخبار تراکتور,آخرین اخبار اکراین,قیمت دلار,اخرین اخبار,NA,آخرین اخبار روسیه,خبر فوری,آخرین اخبار آموزش و پرورش,NA,آخرین اخبار ایران و جهان,اخبار ورزشی جدیدترین و آخرین اخبار ورزشی صفحه 4,طلا,NA,آخرین اخبار استخدامی آموزش و پرورش,NA,آخرین اخبار مذاکرات وین,NA,آخرین اخبار برجام
16,NA,آخرین اخبار اقتصادی,NA,ایران خودرو,NA,قیمت طلا,NA,آخرین اخبار فوتبال ایران,NA,آخرین اخبار ارز دیجیتال,NA,شهر خبر,NA,آخرین اخبار فرهنگیان,آخرین اخبار از واریز سود سهام عدالت,آخرین اخبار ایران و جهان,آخرین اخبار اوکراین,آخرین اخبار رتبه بندی معلمان,آخرین اخبار قیمت دلار,آخرین اخبار جنگ روسیه و اوکراین,NA,آخرین اخبار اوکراین,اخرین اخبار,آخرین اخبار پرسپولیس در نقل و انتقالات,NA,آخرین اخبار رتبه بندی فرهنگیان,NA,آخرین اخبار باشگاه پرسپولیس,NA,شهر خبر,NA,پخش زنده آخرین اخبار,NA,آخرین اخبار رتبه بندی فرهنگیان
17,NA,آخرین اخبار مذاکرات وین,NA,قیمت طلا,NA,آخرین اخبار مذاکرات وین,NA,آخرین اخبار آموزش و پرورش,NA,آخرین اخبار برجام,NA,آخرین اخبار آموزش و پرورش,NA,آخرین اخبار آموزش و پرورش,آخرین اخبار حقوق کارگران 1401,آخرین اخبار بازنشستگان تامین اجتماعی,NA,آخرین اخبار از واریز سود سهام عدالت,ایران جیب,آخرین اخبار اکراین,NA,اخبار روز,NA,آخرین اخبار روز,NA,اخبار روز,NA,آخرین اخبار بورس,NA,آخرین اخبار رتبه بندی معلمان,NA,شهر خبر,NA,آخرین اخبار استخدامی آموزش و پرورش
18,NA,آخرین اخبار برجام,NA,آخرین اخبار رتبه بندی فرهنگیان,NA,آخرین اخبار اقتصادی,NA,آخرین اخبار برجام,NA,آخرین اخبار جنگ روسیه و اوکراین امروز,NA,آخرین اخبار باشگاه پرسپولیس,NA,آخرین اخبار ایران وجهان,خبر فوری,آخرین اخبار ورزشی,NA,اخرین اخبار,آخرین اخبار مذاکرات وین,آخرین اخبار ایران و جهان,NA,آخرین اخبار روز,NA,آخرین اخبار رتبه بندی فرهنگیان,NA,آخرین اخبار روز,NA,آخرین اخبار رتبه بندی فرهنگیان,NA,ورزش3,NA,آخرین اخبار بازنشستگان تامین اجتماعی,NA,آخرین اخبار باشگاه استقلال
19,NA,آخرین اخبار سهام عدالت,NA,نتایج زنده,NA,آخرین اخبار افغانستان,NA,آخرین اخبار مستمری بگیران تامین اجتماعی,NA,آخرین اخبار تیم ملی فوتبال ایران,NA,آخرین اخبار مستمری بگیران تامین اجتماعی,NA,پخش زنده آخرین اخبار,آخرین اخبار در مورد رتبه بندی معلمان,اخرین اخبار,NA,آخرین اخبار مذاکرات,NA,آخرین اخبار مذاکرات وین,NA,آخرین اخبار مذاکرات,NA,آخرین اخبار سهام عدالت,NA,آخرین اخبار سربازی,NA,آخرین اخبار ایران وجهان,NA,آخرین اخبار رتبه بندی فرهنگیان,NA,آخرین اخبار ایران وجهان,NA,نتایج زنده
20,NA,نتایج زنده,NA,آخرین اخبار مستمری بگیران تامین اجتماعی,NA,ورزش۳,NA,آخرین اخبار رتبه بندی معلمان,NA,آخرین اخبار بارسلونا,NA,آخرین اخبار ارز دیجیتال,NA,آخرین اخبار مذاکرات وین,آخرین اخبار بازنشستگان تامین اجتماعی,آخرین اخبار فرهنگیان,NA,آخرین اخبار برجام,NA,اخبار روز,NA,آخرین اخبار رتبه بندی فرهنگیان,NA,آخرین اخبار باشگاه استقلال,NA,آخرین اخبار سهام عدالت,NA,آخرین اخبار فوتبال ایران,NA,پخش زنده آخرین اخبار,NA,آخرین اخبار بورس,NA,ورزش۳
21,NA,آخرین اخبار جنگ روسیه و اوکراین امروز,NA,ورزش۳,NA,شهر خبر,NA,آخرین اخبار ایران وجهان,NA,آخرین اخبار کرونا در ایران,NA,ورزش۳,NA,آخرین اخبار جنگ روسیه و اوکراین,نتایج زنده,آخرین اخبار حقوق کارگران,NA,اخبار روز,NA,آخرین اخبار روز,NA,آخرین اخبار باشگاه پرسپولیس,NA,آخرین اخبار مذاکرات وین,NA,پخش زنده آخرین اخبار,NA,شهر خبر,NA,آخرین اخبار ایران وجهان,NA,آخرین اخبار باشگاه پرسپولیس,NA,آخرین اخبار باشگاه پرسپولیس
22,NA,آخرین اخبار حج تمتع 1401,NA,پخش زنده آخرین اخبار,NA,نتایج زنده,NA,آخرین اخبار بارسلونا,NA,ورزش۳,NA,NA,NA,قیمت طلا,دیجی کالا,آخرین اخبار برجام,NA,آخرین اخبار استقلال,NA,شهر خبر,NA,قیمت طلا,NA,خبر فوری,NA,آخرین اخبار باشگاه پرسپولیس,NA,آخرین اخبار استخدامی آموزش و پرورش,NA,ورزش۳,NA,قیمت طلا,NA,قیمت خودرو
23,NA,ورزش3,NA,آخرین اخبار باشگاه پرسپولیس,NA,آخرین اخبار جنگ روسیه و اوکراین امروز,NA,نتایج زنده,NA,ایران اینترنشنال,NA,NA,NA,آخرین اخبار رتبه بندی فرهنگیان,آخرین اخبار از باشگاه پرسپولیس,آخرین اخبار روز,NA,آخرین اخبار مذاکرات وین,NA,آخرین اخبار آموزش و پرورش,NA,شهر خبر,NA,آخرین اخبار باشگاه پرسپولیس,NA,شهر خبر,NA,آخرین اخبار اقتصادی,NA,آخرین اخبار بارسلونا,NA,ورزش۳,NA,NA
24,NA,NA,NA,آخرین اخبار بارسلونا,NA,آخرین اخبار رتبه بندی فرهنگیان,NA,پخش زنده آخرین اخبار,NA,آخرین اخبار اوکراین قطره,NA,NA,NA,نتایج زنده,NA,قیمت طلا,NA,قیمت طلا,NA,آخرین اخبار حمله روسیه به اوکراین,NA,آخرین اخبار مذاکرات وین,NA,ورزش۳,NA,آخرین اخبار پرسپولیس در نقل و انتقالات,NA,پخش زنده آخرین اخبار,NA,ایران جیب,NA,ورزش3,NA,NA
25,NA,NA,NA,NA,NA,NA,NA,NA,NA,NA,NA,NA,NA,NA,NA,NA,NA,NA,NA,NA,NA,NA,NA,NA,NA,NA,NA,NA,NA,NA,NA,NA,NA,NA
26,NA,NA,NA,NA,NA,NA,NA,NA,NA,NA,NA,NA,NA,NA,NA,NA,NA,NA,NA,NA,NA,NA,NA,NA,NA,NA,NA,NA,NA,NA,NA,NA,NA,NA
27,NA,NA,NA,NA,NA,NA,NA,NA,NA,NA,NA,NA,NA,NA,NA,NA,NA,NA,NA,NA,NA,NA,NA,NA,NA,NA,NA,NA,NA,NA,NA,NA,NA,NA
28,NA,NA,NA,NA,NA,NA,NA,NA,NA,NA,NA,NA,NA,NA,NA,NA,NA,NA,NA,NA,NA,NA,NA,NA,NA,NA,NA,NA,NA,NA,NA,NA,NA,NA
29,NA,NA,NA,NA,NA,NA,NA,NA,NA,NA,NA,NA,NA,NA,NA,NA,NA,NA,NA,NA,NA,NA,NA,NA,NA,NA,NA,NA,NA,NA,NA,NA,NA,NA
